Black-bellied Whistling-Duck,1,0
Fulvous Whistling-Duck,1,0
Emperor Goose,2,0
Snow Goose,1,0
Ross's Goose,1,0
Graylag Goose,5,0
Greater White-fronted Goose,1,0
Lesser White-fronted Goose,5,0
Taiga Bean-Goose,3,0
Tundra Bean-Goose,3,0
Pink-footed Goose,4,0
Brant,1,0
Barnacle Goose,4,0
Cackling Goose,1,0
Canada Goose,1,0
Hawaiian Goose,2,0
Mute Swan,1,1
Trumpeter Swan,1,0
Tundra Swan,1,0
Whooper Swan,3,0
Egyptian Goose,2,1
Common Shelduck,4,0
Muscovy Duck,2,1
Wood Duck,1,0
Baikal Teal,4,0
Garganey,4,0
Blue-winged Teal,1,0
Cinnamon Teal,1,0
Northern Shoveler,1,0
Gadwall,1,0
Falcated Duck,4,0
Eurasian Wigeon,2,0
American Wigeon,1,0
Laysan Duck,3,0
Hawaiian Duck,2,0
Eastern Spot-billed Duck,4,0
Mallard,1,0
American Black Duck,1,0
Mottled Duck,1,0
White-cheeked Pintail,4,0
Northern Pintail,1,0
Green-winged Teal,1,0
Canvasback,1,0
Redhead,1,0
Common Pochard,3,0
Ring-necked Duck,1,0
Tufted Duck,3,0
Greater Scaup,1,0
Lesser Scaup,1,0
Steller's Eider,3,0
Spectacled Eider,3,0
King Eider,2,0
Common Eider,1,0
Harlequin Duck,1,0
Labrador Duck,6,0
Surf Scoter,1,0
White-winged Scoter,1,0
Common Scoter,5,0
Black Scoter,1,0
Long-tailed Duck,1,0
Bufflehead,1,0
Common Goldeneye,1,0
Barrow's Goldeneye,1,0
Smew,3,0
Hooded Merganser,1,0
Common Merganser,1,0
Red-breasted Merganser,1,0
Masked Duck,3,0
Ruddy Duck,1,0
Plain Chachalaca,2,0
Mountain Quail,1,0
Northern Bobwhite,1,0
Scaled Quail,1,0
California Quail,1,0
Gambel's Quail,1,0
Montezuma Quail,2,0
Chukar,2,1
Gray Francolin,2,0
Black Francolin,2,0
Erckel's Francolin,2,0
Himalayan Snowcock,3,1
Gray Partridge,2,1
Red Junglefowl,2,0
Kalij Pheasant,2,0
Ring-necked Pheasant,1,1
Indian Peafowl,2,0
Ruffed Grouse,1,0
Greater Sage-Grouse,1,0
Gunnison Sage-Grouse,2,0
Spruce Grouse,2,0
Willow Ptarmigan,2,0
Rock Ptarmigan,2,0
White-tailed Ptarmigan,2,0
Dusky Grouse,2,0
Sooty Grouse,2,0
Sharp-tailed Grouse,2,0
Greater Prairie-Chicken,2,0
Lesser Prairie-Chicken,2,0
Wild Turkey,1,0
American Flamingo,3,0
Least Grebe,2,0
Pied-billed Grebe,1,0
Horned Grebe,1,0
Red-necked Grebe,1,0
Eared Grebe,1,0
Western Grebe,1,0
Clark's Grebe,1,0
Chestnut-bellied Sandgrouse,3,0
Rock Pigeon,1,1
Scaly-naped Pigeon,5,0
White-crowned Pigeon,2,0
Red-billed Pigeon,2,0
Band-tailed Pigeon,1,0
Oriental Turtle-Dove,4,0
European Turtle-Dove,5,0
Eurasian Collared-Dove,1,1
Spotted Dove,2,0
Zebra Dove,2,0
Passenger Pigeon,6,0
Inca Dove,1,0
Common Ground Dove,1,0
Ruddy Ground Dove,3,0
Ruddy Quail-Dove,5,0
Key West Quail-Dove,4,0
White-tipped Dove,2,0
White-winged Dove,1,0
Zenaida Dove,5,0
Mourning Dove,1,0
Common Cuckoo,3,0
Oriental Cuckoo,4,0
Yellow-billed Cuckoo,1,0
Mangrove Cuckoo,2,0
Black-billed Cuckoo,1,0
Greater Roadrunner,1,0
Smooth-billed Ani,3,0
Groove-billed Ani,2,0
Lesser Nighthawk,1,0
Common Nighthawk,1,0
Antillean Nighthawk,2,0
Common Pauraque,2,0
Common Poorwill,1,0
Chuck-will's-widow,1,0
Buff-collared Nightjar,3,0
Eastern Whip-poor-will,1,0
Mexican Whip-poor-will,2,0
Gray Nightjar,5,0
Black Swift,2,0
White-collared Swift,4,0
Chimney Swift,1,0
Vaux's Swift,1,0
White-throated Needletail,5,0
Mariana Swiftlet,3,0
Common Swift,5,0
Fork-tailed Swift,4,0
White-throated Swift,1,0
Antillean Palm-Swift,5,0
Mexican Violetear,3,0
Green-breasted Mango,4,0
Rivoli's Hummingbird,2,0
Plain-capped Starthroat,4,0
Amethyst-throated Hummingbird,5,0
Blue-throated Mountain-Gem,2,0
Bahama Woodstar,5,0
Lucifer Hummingbird,2,0
Ruby-throated Hummingbird,1,0
Black-chinned Hummingbird,1,0
Anna's Hummingbird,1,0
Costa's Hummingbird,1,0
Bumblebee Hummingbird,5,0
Broad-tailed Hummingbird,1,0
Rufous Hummingbird,1,0
Allen's Hummingbird,1,0
Calliope Hummingbird,1,0
Broad-billed Hummingbird,2,0
Berylline Hummingbird,3,0
Buff-bellied Hummingbird,2,0
Cinnamon Hummingbird,5,0
Violet-crowned Hummingbird,2,0
White-eared Hummingbird,3,0
Xantus's Hummingbird,5,0
Yellow Rail,2,0
Black Rail,2,0
Corn Crake,4,0
Ridgway's Rail,2,0
Clapper Rail,1,0
King Rail,1,0
Virginia Rail,1,0
Rufous-necked Wood-Rail,5,0
Sora,1,0
Laysan Rail,6,0
Hawaiian Rail,6,0
Paint-billed Crake,5,0
Spotted Rail,5,0
Purple Gallinule,1,0
Gray-headed Swamphen,2,1
Common Gallinule,1,0
Common Moorhen,5,0
Eurasian Coot,5,0
Hawaiian Coot,2,0
American Coot,1,0
Sungrebe,5,0
Limpkin,2,0
Sandhill Crane,1,0
Common Crane,4,0
Whooping Crane,2,0
Double-striped Thick-knee,5,0
Black-winged Stilt,5,0
Black-necked Stilt,1,0
American Avocet,1,0
Eurasian Oystercatcher,5,0
American Oystercatcher,1,0
Black Oystercatcher,1,0
Northern Lapwing,4,0
Black-bellied Plover,1,0
European Golden-Plover,4,0
American Golden-Plover,1,0
Pacific Golden-Plover,2,0
Lesser Sand-Plover,3,0
Greater Sand-Plover,5,0
Collared Plover,5,0
Snowy Plover,1,0
Wilson's Plover,1,0
Common Ringed Plover,3,0
Semipalmated Plover,1,0
Piping Plover,2,0
Little Ringed Plover,5,0
Killdeer,1,0
Mountain Plover,2,0
Eurasian Dotterel,4,0
Northern Jacana,4,0
Upland Sandpiper,1,0
Bristle-thighed Curlew,3,0
Whimbrel,1,0
Little Curlew,5,0
Eskimo Curlew,6,0
Long-billed Curlew,1,0
Far Eastern Curlew,4,0
Slender-billed Curlew,6,0
Eurasian Curlew,4,0
Bar-tailed Godwit,2,0
Black-tailed Godwit,3,0
Hudsonian Godwit,1,0
Marbled Godwit,1,0
Ruddy Turnstone,1,0
Black Turnstone,1,0
Great Knot,4,0
Red Knot,1,0
Surfbird,1,0
Ruff,3,0
Broad-billed Sandpiper,4,0
Sharp-tailed Sandpiper,3,0
Stilt Sandpiper,1,0
Curlew Sandpiper,3,0
Temminck's Stint,3,0
Long-toed Stint,3,0
Spoon-billed Sandpiper,4,0
Red-necked Stint,3,0
Sanderling,1,0
Dunlin,1,0
Rock Sandpiper,2,0
Purple Sandpiper,1,0
Baird's Sandpiper,1,0
Little Stint,4,0
Least Sandpiper,1,0
White-rumped Sandpiper,1,0
Buff-breasted Sandpiper,1,0
Pectoral Sandpiper,1,0
Semipalmated Sandpiper,1,0
Western Sandpiper,1,0
Short-billed Dowitcher,1,0
Long-billed Dowitcher,1,0
Jack Snipe,4,0
Eurasian Woodcock,5,0
American Woodcock,1,0
Solitary Snipe,5,0
Pin-tailed Snipe,5,0
Common Snipe,3,0
Wilson's Snipe,1,0
Terek Sandpiper,3,0
Common Sandpiper,3,0
Spotted Sandpiper,1,0
Green Sandpiper,4,0
Solitary Sandpiper,1,0
Gray-tailed Tattler,3,0
Wandering Tattler,1,0
Lesser Yellowlegs,1,0
Willet,1,0
Spotted Redshank,4,0
Common Greenshank,3,0
Greater Yellowlegs,1,0
Common Redshank,5,0
Wood Sandpiper,2,0
Marsh Sandpiper,5,0
Wilson's Phalarope,1,0
Red-necked Phalarope,1,0
Red Phalarope,1,0
Oriental Pratincole,5,0
Great Skua,3,0
South Polar Skua,2,0
Pomarine Jaeger,1,0
Parasitic Jaeger,1,0
Long-tailed Jaeger,1,0
Dovekie,2,0
Common Murre,1,0
Thick-billed Murre,1,0
Razorbill,1,0
Great Auk,6,0
Black Guillemot,1,0
Pigeon Guillemot,1,0
Long-billed Murrelet,3,0
Marbled Murrelet,1,0
Kittlitz's Murrelet,2,0
Scripps's Murrelet,2,0
Guadalupe Murrelet,3,0
Craveri's Murrelet,3,0
Ancient Murrelet,2,0
Cassin's Auklet,1,0
Parakeet Auklet,2,0
Least Auklet,2,0
Whiskered Auklet,2,0
Crested Auklet,2,0
Rhinoceros Auklet,1,0
Atlantic Puffin,1,0
Horned Puffin,1,0
Tufted Puffin,1,0
Swallow-tailed Gull,5,0
Black-legged Kittiwake,1,0
Red-legged Kittiwake,2,0
Ivory Gull,3,0
Sabine's Gull,1,0
Bonaparte's Gull,1,0
Gray-hooded Gull,5,0
Black-headed Gull,3,0
Little Gull,3,0
Ross's Gull,3,0
Laughing Gull,1,0
Franklin's Gull,1,0
Belcher's Gull,5,0
Black-tailed Gull,4,0
Heermann's Gull,1,0
Mew Gull,1,0
Ring-billed Gull,1,0
Western Gull,1,0
Yellow-footed Gull,3,0
California Gull,1,0
Herring Gull,1,0
Yellow-legged Gull,4,0
Iceland Gull,1,0
Lesser Black-backed Gull,2,0
Slaty-backed Gull,3,0
Glaucous-winged Gull,1,0
Glaucous Gull,1,0
Great Black-backed Gull,1,0
Kelp Gull,4,0
Brown Noddy,2,0
Black Noddy,2,0
Blue-gray Noddy,3,0
White Tern,2,0
Sooty Tern,2,0
Gray-backed Tern,2,0
Bridled Tern,2,0
Aleutian Tern,2,0
Little Tern,4,0
Least Tern,1,0
Large-billed Tern,5,0
Gull-billed Tern,1,0
Caspian Tern,1,0
Black Tern,1,0
White-winged Tern,4,0
Whiskered Tern,5,0
Roseate Tern,2,0
Common Tern,1,0
Arctic Tern,1,0
Forster's Tern,1,0
Royal Tern,1,0
Great Crested Tern,5,0
Sandwich Tern,1,0
Elegant Tern,1,0
Black Skimmer,1,0
White-tailed Tropicbird,2,0
Red-billed Tropicbird,3,0
Red-tailed Tropicbird,3,0
Red-throated Loon,1,0
Arctic Loon,2,0
Pacific Loon,1,0
Common Loon,1,0
Yellow-billed Loon,2,0
Yellow-nosed Albatross,4,0
White-capped Albatross,4,0
Chatham Albatross,5,0
Salvin's Albatross,5,0
Black-browed Albatross,5,0
Light-mantled Albatross,5,0
Wandering Albatross,5,0
Laysan Albatross,2,0
Black-footed Albatross,1,0
Short-tailed Albatross,3,0
Northern Fulmar,1,0
Great-winged Petrel,5,0
Providence Petrel,4,0
Kermadec Petrel,4,0
Trindade Petrel,3,0
Herald Petrel,4,0
Murphy's Petrel,3,0
Mottled Petrel,2,0
Bermuda Petrel,3,0
Black-capped Petrel,2,0
Juan Fernandez Petrel,3,0
Hawaiian Petrel,3,0
White-necked Petrel,3,0
Bonin Petrel,3,0
Black-winged Petrel,3,0
Fea's Petrel,3,0
Zino's Petrel,5,0
Cook's Petrel,3,0
Stejneger's Petrel,4,0
Tahiti Petrel,5,0
Bulwer's Petrel,3,0
Jouanin's Petrel,5,0
White-chinned Petrel,5,0
Parkinson's Petrel,5,0
Streaked Shearwater,4,0
Cory's Shearwater,1,0
Cape Verde Shearwater,5,0
Wedge-tailed Shearwater,2,0
Buller's Shearwater,2,0
Short-tailed Shearwater,2,0
Sooty Shearwater,1,0
Great Shearwater,1,0
Pink-footed Shearwater,1,0
Flesh-footed Shearwater,3,0
Christmas Shearwater,3,0
Manx Shearwater,2,0
Newell's Shearwater,3,0
Bryan's Shearwater,5,0
Black-vented Shearwater,2,0
Audubon's Shearwater,1,0
Barolo Shearwater,5,0
Wilson's Storm-Petrel,1,0
White-faced Storm-Petrel,3,0
Black-bellied Storm-Petrel,5,0
European Storm-Petrel,4,0
Fork-tailed Storm-Petrel,2,0
Ringed Storm-Petrel,5,0
Swinhoe's Storm-Petrel,5,0
Leach's Storm-Petrel,1,0
Townsend's Storm-Petrel,3,0
Ashy Storm-Petrel,2,0
Band-rumped Storm-Petrel,2,0
Wedge-rumped Storm-Petrel,4,0
Black Storm-Petrel,2,0
Tristram's Storm-Petrel,3,0
Least Storm-Petrel,3,0
Jabiru,4,0
Wood Stork,1,0
Magnificent Frigatebird,1,0
Great Frigatebird,3,0
Lesser Frigatebird,4,0
Masked Booby,3,0
Nazca Booby,4,0
Blue-footed Booby,4,0
Brown Booby,2,0
Red-footed Booby,2,0
Northern Gannet,1,0
Brandt's Cormorant,1,0
Neotropic Cormorant,1,0
Double-crested Cormorant,1,0
Great Cormorant,1,0
Red-faced Cormorant,2,0
Pelagic Cormorant,1,0
Anhinga,1,0
American White Pelican,1,0
Brown Pelican,1,0
American Bittern,1,0
Yellow Bittern,5,0
Least Bittern,1,0
Bare-throated Tiger-Heron,5,0
Great Blue Heron,1,0
Gray Heron,5,0
Great Egret,1,0
Intermediate Egret,5,0
Chinese Egret,5,0
Little Egret,4,0
Western Reef-Heron,5,0
Snowy Egret,1,0
Little Blue Heron,1,0
Tricolored Heron,1,0
Reddish Egret,1,0
Cattle Egret,1,0
Chinese Pond-Heron,5,0
Green Heron,1,0
Black-crowned Night-Heron,1,0
Yellow-crowned Night-Heron,1,0
White Ibis,1,0
Scarlet Ibis,5,0
Glossy Ibis,1,0
White-faced Ibis,1,0
Roseate Spoonbill,1,0
Black Vulture,1,0
Turkey Vulture,1,0
California Condor,2,0
Osprey,1,0
White-tailed Kite,1,0
Hook-billed Kite,3,0
Swallow-tailed Kite,1,0
Golden Eagle,1,0
Double-toothed Kite,5,0
Northern Harrier,1,0
Chinese Sparrowhawk,5,0
Sharp-shinned Hawk,1,0
Cooper's Hawk,1,0
Northern Goshawk,1,0
Black Kite,5,0
Bald Eagle,1,0
White-tailed Eagle,4,0
Steller's Sea-Eagle,4,0
Mississippi Kite,1,0
Crane Hawk,5,0
Snail Kite,2,0
Common Black Hawk,2,0
Great Black Hawk,5,0
Roadside Hawk,4,0
Harris's Hawk,1,0
White-tailed Hawk,2,0
Gray Hawk,2,0
Red-shouldered Hawk,1,0
Broad-winged Hawk,1,0
Hawaiian Hawk,2,0
Short-tailed Hawk,2,0
Swainson's Hawk,1,0
Zone-tailed Hawk,2,0
Red-tailed Hawk,1,0
Rough-legged Hawk,1,0
Ferruginous Hawk,1,0
Barn Owl,1,0
Oriental Scops-Owl,5,0
Flammulated Owl,2,0
Western Screech-Owl,1,0
Eastern Screech-Owl,1,0
Whiskered Screech-Owl,2,0
Great Horned Owl,1,0
Snowy Owl,2,0
Northern Hawk Owl,2,0
Northern Pygmy-Owl,2,0
Ferruginous Pygmy-Owl,3,0
Elf Owl,2,0
Burrowing Owl,1,0
Mottled Owl,5,0
Spotted Owl,2,0
Barred Owl,1,0
Great Gray Owl,2,0
Long-eared Owl,2,0
Stygian Owl,5,0
Short-eared Owl,1,0
Boreal Owl,2,0
Northern Saw-whet Owl,2,0
Northern Boobook,5,0
Elegant Trogon,2,0
Eared Quetzal,4,0
Eurasian Hoopoe,5,0
Ringed Kingfisher,2,0
Belted Kingfisher,1,0
Amazon Kingfisher,5,0
Green Kingfisher,2,0
Eurasian Wryneck,5,0
Lewis's Woodpecker,1,0
Red-headed Woodpecker,1,0
Acorn Woodpecker,1,0
Gila Woodpecker,1,0
Golden-fronted Woodpecker,1,0
Red-bellied Woodpecker,1,0
Williamson's Sapsucker,1,0
Yellow-bellied Sapsucker,1,0
Red-naped Sapsucker,1,0
Red-breasted Sapsucker,1,0
American Three-toed Woodpecker,2,0
Black-backed Woodpecker,2,0
Great Spotted Woodpecker,4,0
Downy Woodpecker,1,0
Nuttall's Woodpecker,1,0
Ladder-backed Woodpecker,1,0
Red-cockaded Woodpecker,2,0
Hairy Woodpecker,1,0
White-headed Woodpecker,1,0
Arizona Woodpecker,2,0
Northern Flicker,1,0
Gilded Flicker,2,0
Pileated Woodpecker,1,0
Ivory-billed Woodpecker,6,0
Collared Forest-Falcon,5,0
Crested Caracara,2,0
Eurasian Kestrel,4,0
American Kestrel,1,0
Red-footed Falcon,5,0
Merlin,1,0
Eurasian Hobby,4,0
Aplomado Falcon,3,0
Gyrfalcon,2,0
Peregrine Falcon,1,0
Prairie Falcon,1,0
Monk Parakeet,2,1
Carolina Parakeet,6,0
Nanday Parakeet,2,1
Green Parakeet,2,1
Thick-billed Parrot,6,0
Yellow-chevroned Parakeet,2,0
White-winged Parakeet,2,1
Red-crowned Parrot,2,1
Rose-ringed Parakeet,2,0
Rosy-faced Lovebird,2,1
Masked Tityra,5,0
Gray-collared Becard,5,0
Rose-throated Becard,3,0
Northern Beardless-Tyrannulet,2,0
Greenish Elaenia,5,0
White-crested Elaenia,5,0
Dusky-capped Flycatcher,2,0
Ash-throated Flycatcher,1,0
Nutting's Flycatcher,5,0
Great Crested Flycatcher,1,0
Brown-crested Flycatcher,1,0
La Sagra's Flycatcher,3,0
Great Kiskadee,2,0
Social Flycatcher,5,0
Sulphur-bellied Flycatcher,2,0
Piratic Flycatcher,4,0
Variegated Flycatcher,5,0
Crowned Slaty Flycatcher,5,0
Tropical Kingbird,2,0
Couch's Kingbird,2,0
Cassin's Kingbird,1,0
Thick-billed Kingbird,2,0
Western Kingbird,1,0
Eastern Kingbird,1,0
Gray Kingbird,2,0
Loggerhead Kingbird,5,0
Scissor-tailed Flycatcher,1,0
Fork-tailed Flycatcher,3,0
Tufted Flycatcher,4,0
Olive-sided Flycatcher,1,0
Greater Pewee,2,0
Western Wood-Pewee,1,0
Eastern Wood-Pewee,1,0
Cuban Pewee,5,0
Yellow-bellied Flycatcher,1,0
Acadian Flycatcher,1,0
Alder Flycatcher,1,0
Willow Flycatcher,1,0
Least Flycatcher,1,0
Hammond's Flycatcher,1,0
Gray Flycatcher,1,0
Dusky Flycatcher,1,0
Pine Flycatcher,5,0
Pacific-slope Flycatcher,1,0
Cordilleran Flycatcher,1,0
Buff-breasted Flycatcher,2,0
Black Phoebe,1,0
Eastern Phoebe,1,0
Say's Phoebe,1,0
Vermilion Flycatcher,1,0
Red-backed Shrike,5,0
Brown Shrike,4,0
Loggerhead Shrike,1,0
Northern Shrike,1,0
Black-capped Vireo,2,0
White-eyed Vireo,1,0
Thick-billed Vireo,4,0
Cuban Vireo,5,0
Bell's Vireo,1,0
Gray Vireo,2,0
Hutton's Vireo,1,0
Yellow-throated Vireo,1,0
Cassin's Vireo,1,0
Blue-headed Vireo,1,0
Plumbeous Vireo,1,0
Philadelphia Vireo,1,0
Warbling Vireo,1,0
Red-eyed Vireo,1,0
Yellow-green Vireo,3,0
Black-whiskered Vireo,2,0
Yucatan Vireo,5,0
Canada Jay,1,0
Brown Jay,4,0
Green Jay,2,0
Pinyon Jay,1,0
Steller's Jay,1,0
Blue Jay,1,0
Florida Scrub-Jay,2,0
Island Scrub-Jay,2,0
California Scrub-Jay,1,0
Woodhouse's Scrub-Jay,1,0
Mexican Jay,2,0
Clark's Nutcracker,1,0
Black-billed Magpie,1,0
Yellow-billed Magpie,2,0
Eurasian Jackdaw,4,0
American Crow,1,0
Northwestern Crow,1,0
Tamaulipas Crow,4,0
Fish Crow,1,0
Hawaiian Crow,6,0
Chihuahuan Raven,1,0
Common Raven,1,0
Kauai Elepaio,2,0
Oahu Elepaio,3,0
Hawaii Elepaio,2,0
Eurasian Skylark,2,1
Horned Lark,1,0
Purple Martin,1,0
Cuban Martin,5,0
Gray-breasted Martin,5,0
Southern Martin,5,0
Brown-chested Martin,5,0
Tree Swallow,1,0
Mangrove Swallow,5,0
Violet-green Swallow,1,0
Bahama Swallow,4,0
Northern Rough-winged Swallow,1,0
Bank Swallow,1,0
Cliff Swallow,1,0
Cave Swallow,1,0
Barn Swallow,1,0
Common House-Martin,4,0
Carolina Chickadee,1,0
Black-capped Chickadee,1,0
Mountain Chickadee,1,0
Mexican Chickadee,2,0
Chestnut-backed Chickadee,1,0
Boreal Chickadee,1,0
Gray-headed Chickadee,3,0
Bridled Titmouse,2,0
Oak Titmouse,1,0
Juniper Titmouse,1,0
Tufted Titmouse,1,0
Black-crested Titmouse,2,0
Verdin,1,0
Bushtit,1,0
Red-breasted Nuthatch,1,0
White-breasted Nuthatch,1,0
Pygmy Nuthatch,1,0
Brown-headed Nuthatch,1,0
Brown Creeper,1,0
Rock Wren,1,0
Canyon Wren,1,0
House Wren,1,0
Pacific Wren,1,0
Winter Wren,1,0
Sedge Wren,1,0
Marsh Wren,1,0
Carolina Wren,1,0
Bewick's Wren,1,0
Cactus Wren,1,0
Sinaloa Wren,5,0
Blue-gray Gnatcatcher,1,0
California Gnatcatcher,2,0
Black-tailed Gnatcatcher,1,0
Black-capped Gnatcatcher,3,0
American Dipper,1,0
Red-vented Bulbul,2,0
Red-whiskered Bulbul,2,1
Golden-crowned Kinglet,1,0
Ruby-crowned Kinglet,1,0
Japanese Bush-Warbler,2,0
Willow Warbler,5,0
Common Chiffchaff,5,0
Wood Warbler,5,0
Dusky Warbler,4,0
Pallas's Leaf Warbler,5,0
Yellow-browed Warbler,4,0
Arctic Warbler,2,0
Kamchatka Leaf Warbler,5,0
Lesser Whitethroat,5,0
Wrentit,1,0
Japanese White-eye,2,0
Greater Necklaced Laughingthrush,3,0
Hwamei,2,0
Red-billed Leiothrix,2,0
Thick-billed Warbler,5,0
Millerbird,3,0
Sedge Warbler,5,0
Blyth's Reed Warbler,5,0
Middendorff's Grasshopper-Warbler,4,0
River Warbler,5,0
Lanceolated Warbler,5,0
Gray-streaked Flycatcher,4,0
Asian Brown Flycatcher,5,0
Spotted Flycatcher,5,0
Dark-sided Flycatcher,4,0
White-rumped Shama,2,0
European Robin,5,0
Siberian Rubythroat,3,0
Bluethroat,2,0
Siberian Blue Robin,5,0
Rufous-tailed Robin,5,0
Red-flanked Bluetail,4,0
Narcissus Flycatcher,5,0
Mugimaki Flycatcher,5,0
Taiga Flycatcher,4,0
Common Redstart,5,0
Stonechat,4,0
Northern Wheatear,2,0
Pied Wheatear,5,0
Eastern Bluebird,1,0
Western Bluebird,1,0
Mountain Bluebird,1,0
Townsend's Solitaire,1,0
Brown-backed Solitaire,5,0
Kamao,6,0
Amaui,6,0
Olomao,6,0
Omao,2,0
Puaiohi,3,0
Orange-billed Nightingale-Thrush,5,0
Black-headed Nightingale-Thrush,5,0
Veery,1,0
Gray-cheeked Thrush,1,0
Bicknell's Thrush,2,0
Swainson's Thrush,1,0
Hermit Thrush,1,0
Wood Thrush,1,0
Eurasian Blackbird,5,0
Eyebrowed Thrush,3,0
Dusky Thrush,4,0
Fieldfare,4,0
Redwing,4,0
Mistle Thrush,5,0
Song Thrush,5,0
Clay-colored Thrush,3,0
White-throated Thrush,4,0
Rufous-backed Robin,3,0
American Robin,1,0
Red-legged Thrush,5,0
Varied Thrush,1,0
Aztec Thrush,4,0
Blue Mockingbird,5,0
Gray Catbird,1,0
Curve-billed Thrasher,1,0
Brown Thrasher,1,0
Long-billed Thrasher,2,0
Bendire's Thrasher,2,0
California Thrasher,2,0
LeConte's Thrasher,2,0
Crissal Thrasher,2,0
Sage Thrasher,1,0
Bahama Mockingbird,4,0
Northern Mockingbird,1,0
European Starling,1,1
Common Myna,2,1
Bohemian Waxwing,2,0
Cedar Waxwing,1,0
Kauai Oo,6,0
Oahu Oo,6,0
Bishop's Oo,6,0
Hawaii Oo,6,0
Kioea,6,0
Gray Silky-flycatcher,5,0
Phainopepla,1,0
Olive Warbler,2,0
Siberian Accentor,4,0
Common Waxbill,2,0
Red Avadavat,2,0
African Silverbill,2,0
Java Sparrow,2,0
Scaly-breasted Munia,2,1
Chestnut Munia,2,0
House Sparrow,1,1
Eurasian Tree Sparrow,2,1
Eastern Yellow Wagtail,2,0
Citrine Wagtail,5,0
Gray Wagtail,4,0
White Wagtail,3,0
Tree Pipit,5,0
Olive-backed Pipit,3,0
Pechora Pipit,4,0
Red-throated Pipit,3,0
American Pipit,1,0
Sprague's Pipit,2,0
Common Chaffinch,4,0
Brambling,3,0
Evening Grosbeak,1,0
Hawfinch,4,0
Common Rosefinch,4,0
Pallas's Rosefinch,5,0
Poo-uli,6,0
Akikiki,3,0
Oahu Alauahio,6,0
Kakawahie,6,0
Maui Alauahio,2,0
Palila,3,0
Laysan Finch,3,0
Nihoa Finch,3,0
Kona Grosbeak,6,0
Lesser Koa-Finch,6,0
Greater Koa-Finch,6,0
Ula-ai-hawane,6,0
Akohekohe,3,0
Laysan Honeycreeper,6,0
Apapane,2,0
Iiwi,2,0
Hawaii Mamo,6,0
Black Mamo,6,0
Ou,6,0
Lanai Hookbill,6,0
Maui Parrotbill,3,0
Kauai Nukupuu,6,0
Oahu Nukupuu,6,0
Maui Nukupuu,6,0
Akiapolaau,3,0
Lesser Akialoa,6,0
Kauai Akialoa,6,0
Oahu Akialoa,6,0
Maui-nui Akialoa,6,0
Anianiau,2,0
Hawaii Amakihi,2,0
Oahu Amakihi,2,0
Kauai Amakihi,2,0
Greater Amakihi,6,0
Hawaii Creeper,3,0
Akekee,3,0
Oahu Akepa,6,0
Maui Akepa,6,0
Hawaii Akepa,3,0
Pine Grosbeak,1,0
Eurasian Bullfinch,4,0
Asian Rosy-Finch,5,0
Gray-crowned Rosy-Finch,1,0
Black Rosy-Finch,2,0
Brown-capped Rosy-Finch,2,0
House Finch,1,1
Purple Finch,1,0
Cassin's Finch,1,0
Oriental Greenfinch,4,0
Yellow-fronted Canary,2,0
Common Redpoll,1,0
Hoary Redpoll,2,0
Red Crossbill,1,0
Cassia Crossbill,2,0
White-winged Crossbill,2,0
Eurasian Siskin,5,0
Pine Siskin,1,0
Lesser Goldfinch,1,0
Lawrence's Goldfinch,2,0
American Goldfinch,1,0
Island Canary,3,0
Lapland Longspur,1,0
Chestnut-collared Longspur,1,0
Smith's Longspur,2,0
McCown's Longspur,2,0
Snow Bunting,1,0
McKay's Bunting,3,0
Pine Bunting,5,0
Yellow-browed Bunting,5,0
Little Bunting,4,0
Rustic Bunting,3,0
Yellow-throated Bunting,5,0
Yellow-breasted Bunting,5,0
Gray Bunting,5,0
Pallas's Bunting,5,0
Reed Bunting,4,0
Olive Sparrow,2,0
Green-tailed Towhee,1,0
Spotted Towhee,1,0
Eastern Towhee,1,0
Rufous-crowned Sparrow,1,0
Canyon Towhee,1,0
California Towhee,1,0
Abert's Towhee,1,0
Rufous-winged Sparrow,2,0
Botteri's Sparrow,2,0
Cassin's Sparrow,1,0
Bachman's Sparrow,2,0
American Tree Sparrow,1,0
Chipping Sparrow,1,0
Clay-colored Sparrow,1,0
Brewer's Sparrow,1,0
Field Sparrow,1,0
Worthen's Sparrow,5,0
Black-chinned Sparrow,1,0
Vesper Sparrow,1,0
Lark Sparrow,1,0
Five-striped Sparrow,3,0
Black-throated Sparrow,1,0
Sagebrush Sparrow,1,0
Bell's Sparrow,1,0
Lark Bunting,1,0
Savannah Sparrow,1,0
Grasshopper Sparrow,1,0
Baird's Sparrow,2,0
Henslow's Sparrow,2,0
LeConte's Sparrow,1,0
Seaside Sparrow,1,0
Nelson's Sparrow,1,0
Saltmarsh Sparrow,1,0
Fox Sparrow,1,0
Song Sparrow,1,0
Lincoln's Sparrow,1,0
Swamp Sparrow,1,0
White-throated Sparrow,1,0
Harris's Sparrow,1,0
White-crowned Sparrow,1,0
Golden-crowned Sparrow,1,0
Dark-eyed Junco,1,0
Yellow-eyed Junco,2,0
Western Spindalis,3,0
Yellow-breasted Chat,1,0
Yellow-headed Blackbird,1,0
Bobolink,1,0
Eastern Meadowlark,1,0
Western Meadowlark,1,0
Black-vented Oriole,5,0
Orchard Oriole,1,0
Hooded Oriole,1,0
Streak-backed Oriole,4,0
Bullock's Oriole,1,0
Spot-breasted Oriole,2,1
Altamira Oriole,2,0
Audubon's Oriole,2,0
Baltimore Oriole,1,0
Black-backed Oriole,5,0
Scott's Oriole,1,0
Red-winged Blackbird,1,0
Tricolored Blackbird,2,0
Tawny-shouldered Blackbird,5,0
Shiny Cowbird,3,0
Bronzed Cowbird,1,0
Brown-headed Cowbird,1,0
Rusty Blackbird,1,0
Brewer's Blackbird,1,0
Common Grackle,1,0
Boat-tailed Grackle,1,0
Great-tailed Grackle,1,0
Ovenbird,1,0
Worm-eating Warbler,1,0
Louisiana Waterthrush,1,0
Northern Waterthrush,1,0
Bachman's Warbler,6,0
Golden-winged Warbler,2,0
Blue-winged Warbler,1,0
Black-and-white Warbler,1,0
Prothonotary Warbler,1,0
Swainson's Warbler,2,0
Crescent-chested Warbler,4,0
Tennessee Warbler,1,0
Orange-crowned Warbler,1,0
Colima Warbler,3,0
Lucy's Warbler,1,0
Nashville Warbler,1,0
Virginia's Warbler,1,0
Connecticut Warbler,2,0
Gray-crowned Yellowthroat,4,0
MacGillivray's Warbler,1,0
Mourning Warbler,1,0
Kentucky Warbler,1,0
Common Yellowthroat,1,0
Hooded Warbler,1,0
American Redstart,1,0
Kirtland's Warbler,2,0
Cape May Warbler,1,0
Cerulean Warbler,2,0
Northern Parula,1,0
Tropical Parula,3,0
Magnolia Warbler,1,0
Bay-breasted Warbler,1,0
Blackburnian Warbler,1,0
Yellow Warbler,1,0
Chestnut-sided Warbler,1,0
Blackpoll Warbler,1,0
Black-throated Blue Warbler,1,0
Palm Warbler,1,0
Pine Warbler,1,0
Yellow-rumped Warbler,1,0
Yellow-throated Warbler,1,0
Prairie Warbler,1,0
Grace's Warbler,1,0
Black-throated Gray Warbler,1,0
Townsend's Warbler,1,0
Hermit Warbler,1,0
Golden-cheeked Warbler,2,0
Black-throated Green Warbler,1,0
Fan-tailed Warbler,4,0
Rufous-capped Warbler,3,0
Golden-crowned Warbler,4,0
Canada Warbler,1,0
Wilson's Warbler,1,0
Red-faced Warbler,2,0
Painted Redstart,2,0
Slate-throated Redstart,4,0
Hepatic Tanager,2,0
Summer Tanager,1,0
Scarlet Tanager,1,0
Western Tanager,1,0
Flame-colored Tanager,3,0
Crimson-collared Grosbeak,4,0
Northern Cardinal,1,0
Pyrrhuloxia,1,0
Yellow Grosbeak,4,0
Rose-breasted Grosbeak,1,0
Black-headed Grosbeak,1,0
Blue Bunting,4,0
Blue Grosbeak,1,0
Lazuli Bunting,1,0
Indigo Bunting,1,0
Varied Bunting,2,0
Painted Bunting,1,0
Dickcissel,1,0
Red-crested Cardinal,2,0
Yellow-billed Cardinal,2,0
Saffron Finch,2,0
Red-legged Honeycreeper,5,0
Bananaquit,4,0
Yellow-faced Grassquit,3,0
Black-faced Grassquit,4,0
Morelet's Seedeater,3,0
